{"schemaVersion":"1.0","appDefinitionTemplate":{"id":"/providers/Microsoft.PowerApps/apps/","type":"Microsoft.PowerApps/apps","tags":{"primaryDeviceWidth":"1366","primaryDeviceHeight":"768","sienaVersion":"20220305T044438Z-3.22021.27.0","deviceCapabilities":"","supportsPortrait":"true","supportsLandscape":"true","primaryFormFactor":"Tablet","publisherVersion":"3.22021.27","minimumRequiredApiVersion":"2.2.0","hasComponent":"false","hasUnlockedComponent":"false","isUnifiedRootApp":"false"},"properties":{"appVersion":"2022-03-05T04:44:38Z","lifeCycleId":"Published","createdByClientVersion":{"major":3,"minor":22021,"build":27,"revision":0,"majorRevision":0,"minorRevision":0},"minClientVersion":{"major":3,"minor":22021,"build":27,"revision":0,"majorRevision":0,"minorRevision":0},"backgroundColor":"RGBA(0,176,240,1)","backgroundImageUri":"/5222070083590828227/N29cd3898-4a08-4327-a455-32135f65d4b2-logoSmallFile","displayName":"Clock","description":"","commitMessage":"","appUris":{"documentUri":{"value":"/5222070083590828227/N7850e438-0d09-42f3-bf3b-439aad8623c8-document.msapp"},"imageUris":[]},"createdTime":"0001-01-01T00:00:00Z","lastModifiedTime":"0001-01-01T00:00:00Z","sharedGroupsCount":0,"sharedUsersCount":0,"icons":{"smallIconUri":"/5222070083590828227/N60f10c64-a9d4-48ec-ba3f-30129f6cf6bd-small.png","mediumIconUri":"/5222070083590828227/N4b4c79b9-082a-4dd5-9bb4-a8aefcfa1314-medium.png","largeIconUri":"/5222070083590828227/N947b967e-3f6f-4b3b-85ec-378ecb92b50b-large.png","wideIconUri":"/5222070083590828227/N9d3e79cd-42bd-47c2-a362-36232a0b87c9-wide.png"},"connectionReferences":{"cdb7c3aa-a54a-4051-8640-ea612107ee10":{"id":"8ddf6350-4239-40f0-a910-d7414f9aedd3","displayName":"Office 365 Outlook","iconUri":"https://connectoricons-prod.azureedge.net/releases/v1.0.1538/1.0.1538.2621/office365/icon.png","dataSources":["Office365Outlook"],"dependencies":[],"dependents":[],"parameterHints":{},"parameterHintsV2":{},"isOnPremiseConnection":false,"bypassConsent":false,"dataSets":{},"apiTier":"Standard","isCustomApiConnection":false},"8344881c-f537-4633-b01b-9fdbd96d17fb":{"id":"f7d82149-27e8-4e9c-8dee-48cfd6705a5f","displayName":"Office 365 ユーザー","iconUri":"https://connectoricons-prod.azureedge.net/releases/v1.0.1551/1.0.1551.2693/office365users/icon.png","dataSources":["Office365ユーザー"],"dependencies":[],"dependents":[],"parameterHints":{},"parameterHintsV2":{},"isOnPremiseConnection":false,"bypassConsent":false,"dataSets":{},"apiTier":"Standard","isCustomApiConnection":false}},"databaseReferences":{},"almMode":"Solution","performanceOptimizationEnabled":true,"canConsumeAppPass":true,"executionRestrictions":{"isTeamsOnly":false,"dataLossPreventionEvaluationResult":{"status":"Compliant","lastEvaluationDate":"2022-03-05T02:54:42.0823008Z","violations":[],"violationsByPolicy":[],"violationErrorMessage":"このアプリでは、次のコネクタが使用されます: shared_office365, shared_office365users。"}}},"appType":"ClassicCanvasApp","appComponents":[]}}